Order ID,Order Date,Customer ID,Product Name,Category,City,Quantity,Sales,Profit,Rating
ORD1000,2024-01-01,CUST202,Watch,Electronics,Chennai,2,39562,9701,4.3
ORD1001,2024-01-02,CUST535,Watch,Electronics,Chennai,4,23411,3543,4.1
ORD1002,2024-01-03,CUST960,Backpack,Electronics,Hyderabad,4,39025,6214,3.2
ORD1003,2024-01-04,CUST370,Shoes,Fashion,Mumbai,4,33056,2722,3.9
ORD1004,2024-01-05,CUST206,Smartphone,Fashion,Hyderabad,4,13095,4250,3.9
ORD1005,2024-01-06,CUST171,Headphones,Accessories,Hyderabad,2,2469,66,4.7
ORD1006,2024-01-07,CUST800,Watch,Electronics,Chennai,4,44253,3241,4.1
ORD1007,2024-01-08,CUST120,Backpack,Electronics,Bangalore,3,17775,442,3.8
ORD1008,2024-01-09,CUST714,Laptop,Fashion,Delhi,4,4970,8666,5.0
ORD1009,2024-01-10,CUST221,Backpack,Electronics,Mumbai,1,10725,6322,3.2
ORD1010,2024-01-11,CUST566,Headphones,Fashion,Chennai,4,42824,621,3.8
ORD1011,2024-01-12,CUST314,Headphones,Electronics,Bangalore,2,42474,3681,3.1
ORD1012,2024-01-13,CUST430,Backpack,Accessories,Delhi,1,43259,6222,4.5
ORD1013,2024-01-14,CUST558,Smartphone,Electronics,Delhi,2,23696,9362,4.8
ORD1014,2024-01-15,CUST187,T-shirt,Electronics,Chennai,2,40787,7227,3.6
ORD1015,2024-01-16,CUST472,Headphones,Fashion,Pune,1,14169,8483,4.7
ORD1016,2024-01-17,CUST199,Backpack,Electronics,Mumbai,2,37880,3947,3.6
ORD1017,2024-01-18,CUST971,Watch,Electronics,Delhi,2,45641,8173,4.8
ORD1018,2024-01-19,CUST763,Backpack,Fashion,Chennai,4,48820,2329,4.5
ORD1019,2024-01-20,CUST230,Shoes,Accessories,Chennai,3,47914,9030,4.6
ORD1020,2024-01-21,CUST761,T-shirt,Accessories,Bangalore,2,38506,7501,3.0
ORD1021,2024-01-22,CUST408,Laptop,Fashion,Pune,2,16077,8956,4.9
ORD1022,2024-01-23,CUST869,Smartphone,Fashion,Mumbai,2,22973,825,4.5
ORD1023,2024-01-24,CUST443,Earbuds,Fashion,Hyderabad,4,29125,6919,3.6
ORD1024,2024-01-25,CUST591,Laptop,Fashion,Bangalore,3,16004,2297,4.7
ORD1025,2024-01-26,CUST513,T-shirt,Fashion,Delhi,1,24589,7138,3.6
ORD1026,2024-01-27,CUST905,T-shirt,Accessories,Delhi,4,36987,128,4.7
ORD1027,2024-01-28,CUST485,T-shirt,Accessories,Bangalore,4,802,8130,3.2
ORD1028,2024-01-29,CUST291,Laptop,Fashion,Chennai,3,31963,7149,4.4
ORD1029,2024-01-30,CUST376,Watch,Electronics,Delhi,3,45412,3976,4.1
ORD1030,2024-01-31,CUST260,T-shirt,Fashion,Pune,4,29759,9097,3.2
ORD1031,2024-02-01,CUST559,Backpack,Electronics,Mumbai,1,43323,7390,3.5
ORD1032,2024-02-02,CUST413,Laptop,Fashion,Pune,4,37708,7133,3.0
ORD1033,2024-02-03,CUST121,Earbuds,Fashion,Delhi,3,31159,6280,3.9
ORD1034,2024-02-04,CUST352,T-shirt,Accessories,Hyderabad,1,36340,9273,3.6
ORD1035,2024-02-05,CUST847,Backpack,Electronics,Mumbai,3,32390,4990,4.2
ORD1036,2024-02-06,CUST956,Watch,Electronics,Mumbai,1,14098,3321,3.6
ORD1037,2024-02-07,CUST660,Shoes,Accessories,Bangalore,2,47555,3506,3.6
ORD1038,2024-02-08,CUST574,Watch,Accessories,Bangalore,3,47233,7838,4.5
ORD1039,2024-02-09,CUST158,Earbuds,Accessories,Hyderabad,3,20008,8649,3.1
ORD1040,2024-02-10,CUST610,T-shirt,Accessories,Chennai,4,42787,7700,4.8
ORD1041,2024-02-11,CUST781,Earbuds,Electronics,Mumbai,3,13880,2761,4.7
ORD1042,2024-02-12,CUST575,Laptop,Electronics,Hyderabad,3,27484,1718,4.3
ORD1043,2024-02-13,CUST799,Headphones,Fashion,Bangalore,2,45133,197,4.2
ORD1044,2024-02-14,CUST882,T-shirt,Fashion,Bangalore,3,8625,6470,4.8
ORD1045,2024-02-15,CUST289,Headphones,Accessories,Mumbai,2,36559,415,3.4
ORD1046,2024-02-16,CUST786,Backpack,Accessories,Pune,2,4533,9916,3.2
ORD1047,2024-02-17,CUST662,Shoes,Accessories,Delhi,2,38373,4581,3.5
ORD1048,2024-02-18,CUST975,Smartphone,Fashion,Bangalore,2,17587,5380,4.6
ORD1049,2024-02-19,CUST666,Earbuds,Fashion,Chennai,1,41401,5560,3.1
ORD1050,2024-02-20,CUST343,Watch,Fashion,Chennai,4,6204,8804,4.2
ORD1051,2024-02-21,CUST931,Shoes,Fashion,Bangalore,1,8348,9014,5.0
ORD1052,2024-02-22,CUST604,T-shirt,Fashion,Pune,3,22092,6543,4.7
ORD1053,2024-02-23,CUST230,Headphones,Fashion,Pune,1,46243,5489,4.0
ORD1054,2024-02-24,CUST584,Watch,Fashion,Hyderabad,1,7424,9815,3.1
ORD1055,2024-02-25,CUST918,Headphones,Accessories,Chennai,3,27708,6561,4.7
ORD1056,2024-02-26,CUST746,Laptop,Accessories,Hyderabad,3,20114,7554,4.2
ORD1057,2024-02-27,CUST120,Headphones,Accessories,Chennai,3,988,1296,3.2
ORD1058,2024-02-28,CUST940,Laptop,Accessories,Delhi,1,40382,3889,3.2
ORD1059,2024-02-29,CUST266,Backpack,Fashion,Delhi,1,26423,8601,4.8
ORD1060,2024-03-01,CUST373,Watch,Electronics,Mumbai,3,49008,2426,4.3
ORD1061,2024-03-02,CUST487,Watch,Fashion,Hyderabad,4,36441,3059,4.7
ORD1062,2024-03-03,CUST700,Smartphone,Electronics,Bangalore,4,29665,9204,4.8
ORD1063,2024-03-04,CUST415,T-shirt,Accessories,Hyderabad,2,2167,1877,4.1
ORD1064,2024-03-05,CUST113,Laptop,Fashion,Bangalore,3,26713,7029,4.0
ORD1065,2024-03-06,CUST341,Smartphone,Accessories,Pune,2,4614,9855,3.9
ORD1066,2024-03-07,CUST876,Headphones,Fashion,Hyderabad,4,36821,9882,3.6
ORD1067,2024-03-08,CUST445,Headphones,Accessories,Pune,2,8261,8619,3.9
ORD1068,2024-03-09,CUST664,Smartphone,Electronics,Delhi,3,31616,4335,4.5
ORD1069,2024-03-10,CUST997,Watch,Electronics,Delhi,3,34268,6960,4.2
ORD1070,2024-03-11,CUST439,Headphones,Electronics,Mumbai,3,48906,8611,4.8
ORD1071,2024-03-12,CUST191,Earbuds,Fashion,Hyderabad,1,25926,2246,3.9
ORD1072,2024-03-13,CUST466,Backpack,Electronics,Pune,2,18272,3797,4.2
ORD1073,2024-03-14,CUST554,Backpack,Fashion,Bangalore,4,38718,8893,4.3
ORD1074,2024-03-15,CUST527,Earbuds,Electronics,Delhi,4,4212,6028,4.2
ORD1075,2024-03-16,CUST608,Smartphone,Electronics,Delhi,4,1867,5657,4.4
ORD1076,2024-03-17,CUST875,Earbuds,Fashion,Bangalore,1,41457,819,3.5
ORD1077,2024-03-18,CUST134,Laptop,Fashion,Pune,1,42281,830,4.0
ORD1078,2024-03-19,CUST305,Laptop,Electronics,Pune,3,26700,9958,3.2
ORD1079,2024-03-20,CUST180,Smartphone,Fashion,Hyderabad,4,4226,6353,3.8
ORD1080,2024-03-21,CUST661,Earbuds,Electronics,Hyderabad,1,24116,4033,4.0
ORD1081,2024-03-22,CUST971,Laptop,Fashion,Chennai,3,28223,9553,4.3
ORD1082,2024-03-23,CUST487,Watch,Accessories,Chennai,4,38074,8764,4.9
ORD1083,2024-03-24,CUST101,Earbuds,Accessories,Mumbai,2,35458,571,4.2
ORD1084,2024-03-25,CUST489,Watch,Accessories,Delhi,3,9608,9177,4.5
ORD1085,2024-03-26,CUST665,Laptop,Accessories,Hyderabad,1,12678,7619,4.0
ORD1086,2024-03-27,CUST205,Backpack,Accessories,Pune,1,36143,5834,4.3
ORD1087,2024-03-28,CUST871,Laptop,Electronics,Bangalore,3,31824,4633,3.1
ORD1088,2024-03-29,CUST921,Watch,Accessories,Pune,3,38860,5996,3.5
ORD1089,2024-03-30,CUST576,Shoes,Accessories,Delhi,1,18324,4991,3.7
ORD1090,2024-03-31,CUST802,T-shirt,Accessories,Chennai,2,45860,6317,3.9
ORD1091,2024-04-01,CUST501,Headphones,Accessories,Pune,4,9427,7178,3.1
ORD1092,2024-04-02,CUST829,Earbuds,Fashion,Mumbai,2,28644,2511,3.3
ORD1093,2024-04-03,CUST655,Shoes,Electronics,Delhi,3,31510,735,3.6
ORD1094,2024-04-04,CUST261,Laptop,Accessories,Chennai,2,22943,2210,4.9
ORD1095,2024-04-05,CUST301,Backpack,Accessories,Bangalore,1,14937,7081,3.7
ORD1096,2024-04-06,CUST369,Smartphone,Accessories,Chennai,3,44798,9809,4.0
ORD1097,2024-04-07,CUST962,Laptop,Electronics,Mumbai,4,40278,5391,3.4
ORD1098,2024-04-08,CUST915,Backpack,Fashion,Delhi,1,11707,88,4.2
ORD1099,2024-04-09,CUST370,T-shirt,Electronics,Bangalore,1,26037,4925,3.6
ORD1100,2024-04-10,CUST555,Laptop,Fashion,Mumbai,4,36257,1306,3.4
ORD1101,2024-04-11,CUST561,Watch,Accessories,Chennai,4,12540,7747,4.0
ORD1102,2024-04-12,CUST826,Smartphone,Accessories,Mumbai,2,42486,2246,3.0
ORD1103,2024-04-13,CUST351,Backpack,Electronics,Delhi,3,23112,7215,3.0
ORD1104,2024-04-14,CUST801,Backpack,Electronics,Hyderabad,4,28941,351,3.4
ORD1105,2024-04-15,CUST395,Backpack,Fashion,Mumbai,4,6971,7577,3.1
ORD1106,2024-04-16,CUST824,T-shirt,Fashion,Mumbai,3,36131,6431,3.2
ORD1107,2024-04-17,CUST819,Laptop,Electronics,Chennai,4,43961,696,3.7
ORD1108,2024-04-18,CUST848,T-shirt,Fashion,Chennai,4,27023,8839,4.6
ORD1109,2024-04-19,CUST437,Earbuds,Electronics,Bangalore,2,31848,8903,4.1
ORD1110,2024-04-20,CUST978,Headphones,Fashion,Chennai,1,1677,4380,4.0
ORD1111,2024-04-21,CUST152,Headphones,Electronics,Pune,1,5260,9610,3.6
ORD1112,2024-04-22,CUST891,Earbuds,Electronics,Delhi,1,33279,7053,4.9
ORD1113,2024-04-23,CUST316,Laptop,Electronics,Delhi,1,22136,3587,3.8
ORD1114,2024-04-24,CUST863,Watch,Fashion,Hyderabad,4,16853,4608,3.2
ORD1115,2024-04-25,CUST287,T-shirt,Fashion,Hyderabad,3,12056,6629,4.2
ORD1116,2024-04-26,CUST479,Smartphone,Fashion,Delhi,3,28098,8524,3.2
ORD1117,2024-04-27,CUST592,Backpack,Electronics,Hyderabad,2,12063,9728,3.7
ORD1118,2024-04-28,CUST140,Backpack,Fashion,Bangalore,2,47319,4132,4.0
ORD1119,2024-04-29,CUST256,Laptop,Fashion,Chennai,4,44290,4233,4.7
ORD1120,2024-04-30,CUST114,Watch,Electronics,Delhi,3,8734,8702,4.0
ORD1121,2024-05-01,CUST912,Headphones,Accessories,Hyderabad,3,26019,3804,4.4
ORD1122,2024-05-02,CUST164,Headphones,Electronics,Delhi,1,27466,1774,5.0
ORD1123,2024-05-03,CUST956,Backpack,Fashion,Pune,4,16673,1426,3.3
ORD1124,2024-05-04,CUST938,Laptop,Electronics,Mumbai,4,27487,8756,3.5
ORD1125,2024-05-05,CUST620,T-shirt,Accessories,Chennai,1,13678,8944,3.8
ORD1126,2024-05-06,CUST443,Headphones,Electronics,Delhi,4,39838,1703,3.8
ORD1127,2024-05-07,CUST228,T-shirt,Fashion,Mumbai,4,25096,2116,3.8
ORD1128,2024-05-08,CUST747,Watch,Accessories,Hyderabad,2,33674,72,4.8
ORD1129,2024-05-09,CUST571,Headphones,Fashion,Mumbai,3,42474,2510,4.4
ORD1130,2024-05-10,CUST162,Headphones,Accessories,Chennai,4,4931,5976,4.2
ORD1131,2024-05-11,CUST238,Shoes,Accessories,Delhi,2,28264,6301,3.6
ORD1132,2024-05-12,CUST598,Headphones,Electronics,Pune,3,22127,9546,4.6
ORD1133,2024-05-13,CUST692,Earbuds,Electronics,Hyderabad,1,39810,7345,4.9
ORD1134,2024-05-14,CUST491,Smartphone,Fashion,Delhi,2,9406,3350,4.6
ORD1135,2024-05-15,CUST774,Earbuds,Electronics,Chennai,2,37414,6329,3.0
ORD1136,2024-05-16,CUST518,Laptop,Electronics,Hyderabad,3,45314,8603,4.3
ORD1137,2024-05-17,CUST388,Laptop,Accessories,Bangalore,1,45879,7403,3.1
ORD1138,2024-05-18,CUST478,T-shirt,Electronics,Mumbai,2,13576,3777,3.5
ORD1139,2024-05-19,CUST872,Earbuds,Accessories,Chennai,4,49792,6322,3.1
ORD1140,2024-05-20,CUST589,Earbuds,Accessories,Bangalore,4,38150,6045,4.2
ORD1141,2024-05-21,CUST330,Earbuds,Accessories,Delhi,4,47381,9526,4.4
ORD1142,2024-05-22,CUST140,Watch,Fashion,Pune,1,46913,564,3.2
ORD1143,2024-05-23,CUST127,Headphones,Fashion,Hyderabad,2,6512,498,3.8
ORD1144,2024-05-24,CUST234,Smartphone,Fashion,Mumbai,4,7651,6069,3.9
ORD1145,2024-05-25,CUST300,T-shirt,Accessories,Hyderabad,1,28711,5393,3.7
ORD1146,2024-05-26,CUST939,Earbuds,Fashion,Delhi,4,27617,8083,3.2
ORD1147,2024-05-27,CUST879,Earbuds,Fashion,Hyderabad,3,36878,2570,3.8
ORD1148,2024-05-28,CUST132,Shoes,Electronics,Mumbai,2,43152,3131,4.5
ORD1149,2024-05-29,CUST147,T-shirt,Fashion,Delhi,2,7394,1478,3.1
ORD1150,2024-05-30,CUST602,Earbuds,Fashion,Hyderabad,1,13967,4017,3.2
ORD1151,2024-05-31,CUST506,T-shirt,Accessories,Pune,1,31510,6495,3.7
ORD1152,2024-06-01,CUST673,Headphones,Accessories,Chennai,2,49757,9164,4.9
ORD1153,2024-06-02,CUST827,Shoes,Accessories,Delhi,4,43141,2209,4.3
ORD1154,2024-06-03,CUST904,T-shirt,Accessories,Chennai,4,12789,5182,4.4
ORD1155,2024-06-04,CUST198,Smartphone,Accessories,Delhi,3,45476,2597,3.7
ORD1156,2024-06-05,CUST783,Smartphone,Accessories,Pune,4,44096,3029,4.2
ORD1157,2024-06-06,CUST971,Laptop,Fashion,Chennai,1,23671,2699,3.0
ORD1158,2024-06-07,CUST825,Shoes,Accessories,Bangalore,1,35405,8555,4.3
ORD1159,2024-06-08,CUST646,Shoes,Accessories,Mumbai,4,21329,3133,4.8
ORD1160,2024-06-09,CUST838,Laptop,Electronics,Bangalore,1,34554,1087,4.2
ORD1161,2024-06-10,CUST712,T-shirt,Fashion,Hyderabad,2,48978,3539,4.7
ORD1162,2024-06-11,CUST561,Shoes,Fashion,Pune,2,44639,7654,4.4
ORD1163,2024-06-12,CUST742,Smartphone,Fashion,Bangalore,4,49213,7594,3.2
ORD1164,2024-06-13,CUST868,Smartphone,Accessories,Delhi,2,30234,2684,4.8
ORD1165,2024-06-14,CUST104,Earbuds,Accessories,Hyderabad,2,7552,4033,3.1
ORD1166,2024-06-15,CUST317,Headphones,Accessories,Hyderabad,3,4154,1828,4.1
ORD1167,2024-06-16,CUST602,Shoes,Electronics,Bangalore,3,23986,7952,3.3
ORD1168,2024-06-17,CUST866,T-shirt,Accessories,Bangalore,2,19243,5160,3.0
ORD1169,2024-06-18,CUST497,Laptop,Electronics,Pune,4,48868,5239,3.8
ORD1170,2024-06-19,CUST970,Laptop,Fashion,Mumbai,3,24989,7428,3.6
ORD1171,2024-06-20,CUST894,T-shirt,Accessories,Bangalore,1,9136,1174,4.0
ORD1172,2024-06-21,CUST492,Watch,Electronics,Bangalore,1,6941,747,4.2
ORD1173,2024-06-22,CUST306,Backpack,Electronics,Chennai,1,25111,2229,3.1
ORD1174,2024-06-23,CUST114,Headphones,Accessories,Delhi,4,42935,9646,3.2
ORD1175,2024-06-24,CUST957,Laptop,Fashion,Chennai,2,12649,5301,4.1
ORD1176,2024-06-25,CUST653,Shoes,Fashion,Chennai,1,35066,9285,3.7
ORD1177,2024-06-26,CUST991,Headphones,Fashion,Hyderabad,4,42868,1979,4.5
ORD1178,2024-06-27,CUST560,Shoes,Electronics,Mumbai,3,22175,1063,4.3
ORD1179,2024-06-28,CUST790,Watch,Electronics,Delhi,2,5995,276,4.7
ORD1180,2024-06-29,CUST674,Smartphone,Electronics,Pune,3,43168,7371,4.4
ORD1181,2024-06-30,CUST963,Headphones,Electronics,Pune,4,14173,1878,3.9
ORD1182,2024-07-01,CUST842,Earbuds,Fashion,Bangalore,1,11630,7959,4.3
ORD1183,2024-07-02,CUST340,Laptop,Accessories,Bangalore,1,23168,5638,3.6
ORD1184,2024-07-03,CUST663,Headphones,Electronics,Pune,4,15722,2073,3.6
ORD1185,2024-07-04,CUST195,Headphones,Electronics,Bangalore,1,24169,5016,4.6
ORD1186,2024-07-05,CUST833,Headphones,Fashion,Mumbai,2,34568,5941,3.9
ORD1187,2024-07-06,CUST584,Backpack,Accessories,Chennai,4,23753,1130,4.6
ORD1188,2024-07-07,CUST506,Headphones,Accessories,Bangalore,3,9935,5086,4.6
ORD1189,2024-07-08,CUST330,Shoes,Fashion,Hyderabad,4,29052,2613,4.7
ORD1190,2024-07-09,CUST848,Smartphone,Fashion,Bangalore,2,37884,3342,4.8
ORD1191,2024-07-10,CUST754,Watch,Accessories,Delhi,2,16893,3636,3.9
ORD1192,2024-07-11,CUST270,T-shirt,Electronics,Mumbai,4,11117,4481,3.6
ORD1193,2024-07-12,CUST640,Headphones,Accessories,Delhi,4,39020,6891,4.2
ORD1194,2024-07-13,CUST135,Laptop,Fashion,Delhi,1,10352,6693,3.7
ORD1195,2024-07-14,CUST624,Headphones,Electronics,Hyderabad,2,31901,4009,4.2
ORD1196,2024-07-15,CUST259,Laptop,Electronics,Mumbai,4,6795,211,4.4
ORD1197,2024-07-16,CUST938,Shoes,Fashion,Mumbai,4,36493,643,4.4
ORD1198,2024-07-17,CUST798,Laptop,Fashion,Mumbai,2,34584,3440,3.7
ORD1199,2024-07-18,CUST342,Earbuds,Fashion,Mumbai,4,45605,6047,3.3
ORD1200,2024-07-19,CUST185,T-shirt,Accessories,Mumbai,1,40075,6404,3.9
ORD1201,2024-07-20,CUST895,Smartphone,Accessories,Hyderabad,2,36951,713,3.3
ORD1202,2024-07-21,CUST677,Laptop,Electronics,Bangalore,1,7727,9374,4.8
ORD1203,2024-07-22,CUST781,Laptop,Fashion,Delhi,1,32410,591,3.7
ORD1204,2024-07-23,CUST656,Smartphone,Electronics,Mumbai,1,36541,5483,3.3
ORD1205,2024-07-24,CUST673,T-shirt,Electronics,Bangalore,1,23884,5143,3.1
ORD1206,2024-07-25,CUST745,Headphones,Electronics,Bangalore,2,645,917,4.3
ORD1207,2024-07-26,CUST895,Laptop,Electronics,Delhi,1,38278,8673,4.3
ORD1208,2024-07-27,CUST127,Smartphone,Fashion,Hyderabad,1,16535,5519,3.7
ORD1209,2024-07-28,CUST719,Earbuds,Electronics,Pune,4,3540,6306,3.1
ORD1210,2024-07-29,CUST655,Earbuds,Fashion,Pune,2,42922,9448,3.8
ORD1211,2024-07-30,CUST439,Shoes,Fashion,Bangalore,2,26660,1219,3.6
ORD1212,2024-07-31,CUST897,Smartphone,Accessories,Chennai,3,18133,880,4.4
ORD1213,2024-08-01,CUST430,Shoes,Fashion,Chennai,2,29844,1701,4.2
ORD1214,2024-08-02,CUST739,Earbuds,Accessories,Delhi,2,17514,1186,3.7
ORD1215,2024-08-03,CUST605,T-shirt,Fashion,Pune,3,15496,2860,3.4
ORD1216,2024-08-04,CUST447,Headphones,Fashion,Bangalore,2,49604,8717,5.0
ORD1217,2024-08-05,CUST572,Smartphone,Fashion,Hyderabad,2,42121,9568,3.9
ORD1218,2024-08-06,CUST330,Watch,Accessories,Pune,2,12195,1069,4.4
ORD1219,2024-08-07,CUST289,Earbuds,Accessories,Bangalore,2,3352,5287,3.3
ORD1220,2024-08-08,CUST324,Earbuds,Electronics,Bangalore,3,16514,1333,4.0
ORD1221,2024-08-09,CUST484,Watch,Accessories,Mumbai,2,27542,709,3.1
ORD1222,2024-08-10,CUST476,Backpack,Accessories,Hyderabad,2,34255,2060,4.0
ORD1223,2024-08-11,CUST382,Earbuds,Accessories,Mumbai,3,40890,8640,4.9
ORD1224,2024-08-12,CUST732,Laptop,Accessories,Delhi,4,24211,1783,3.8
ORD1225,2024-08-13,CUST727,T-shirt,Electronics,Mumbai,1,26622,2175,3.1
ORD1226,2024-08-14,CUST844,Smartphone,Accessories,Mumbai,4,9660,2221,3.1
ORD1227,2024-08-15,CUST358,Watch,Fashion,Pune,3,27713,8316,3.8
ORD1228,2024-08-16,CUST458,Laptop,Fashion,Chennai,1,39920,3521,3.3
ORD1229,2024-08-17,CUST809,Watch,Accessories,Bangalore,3,7921,9078,3.0
ORD1230,2024-08-18,CUST555,Smartphone,Accessories,Hyderabad,3,21900,5674,4.5
ORD1231,2024-08-19,CUST510,Shoes,Fashion,Mumbai,2,34037,8741,3.9
ORD1232,2024-08-20,CUST748,Smartphone,Fashion,Hyderabad,1,18227,8379,3.6
ORD1233,2024-08-21,CUST417,Backpack,Electronics,Chennai,2,47382,2147,4.8
ORD1234,2024-08-22,CUST776,Smartphone,Fashion,Chennai,1,4858,5118,3.2
ORD1235,2024-08-23,CUST324,Smartphone,Fashion,Mumbai,3,28982,6447,4.9
ORD1236,2024-08-24,CUST918,Backpack,Accessories,Delhi,3,32617,2807,3.6
ORD1237,2024-08-25,CUST333,T-shirt,Fashion,Mumbai,4,23664,3970,4.8
ORD1238,2024-08-26,CUST783,Earbuds,Electronics,Pune,1,32410,8236,4.2
ORD1239,2024-08-27,CUST763,Smartphone,Fashion,Bangalore,2,32996,1950,4.7
ORD1240,2024-08-28,CUST926,Backpack,Accessories,Delhi,4,44811,2660,5.0
ORD1241,2024-08-29,CUST473,Laptop,Accessories,Mumbai,4,29871,6950,3.6
ORD1242,2024-08-30,CUST771,Shoes,Fashion,Hyderabad,4,38967,1499,4.9
ORD1243,2024-08-31,CUST707,Shoes,Accessories,Delhi,2,18125,8788,3.8
ORD1244,2024-09-01,CUST571,Smartphone,Electronics,Delhi,4,34393,5067,3.8
ORD1245,2024-09-02,CUST332,T-shirt,Electronics,Mumbai,2,11293,8049,3.7
ORD1246,2024-09-03,CUST791,T-shirt,Fashion,Delhi,4,31507,6102,4.1
ORD1247,2024-09-04,CUST212,Laptop,Fashion,Hyderabad,2,26266,2146,3.3
ORD1248,2024-09-05,CUST929,Smartphone,Fashion,Chennai,3,40032,8945,4.1
ORD1249,2024-09-06,CUST596,Shoes,Accessories,Delhi,3,12823,6454,4.1
ORD1250,2024-09-07,CUST541,T-shirt,Electronics,Chennai,3,46299,9867,4.5
ORD1251,2024-09-08,CUST663,Smartphone,Electronics,Hyderabad,3,47320,3381,4.7
ORD1252,2024-09-09,CUST367,Watch,Accessories,Mumbai,3,45908,7512,3.9
ORD1253,2024-09-10,CUST609,T-shirt,Electronics,Bangalore,4,8343,5155,3.6
ORD1254,2024-09-11,CUST906,Backpack,Fashion,Delhi,4,14710,3028,3.5
ORD1255,2024-09-12,CUST485,Watch,Fashion,Bangalore,4,16956,2889,3.4
ORD1256,2024-09-13,CUST486,Earbuds,Fashion,Hyderabad,2,31867,3434,3.1
ORD1257,2024-09-14,CUST212,T-shirt,Electronics,Delhi,2,10606,735,3.7
ORD1258,2024-09-15,CUST712,Shoes,Fashion,Chennai,2,38457,7581,3.5
ORD1259,2024-09-16,CUST724,Headphones,Accessories,Pune,2,2972,4333,4.9
ORD1260,2024-09-17,CUST180,Watch,Accessories,Bangalore,3,7204,7786,4.1
ORD1261,2024-09-18,CUST798,Earbuds,Electronics,Delhi,3,4213,7760,3.7
ORD1262,2024-09-19,CUST212,Laptop,Accessories,Bangalore,3,5551,1669,4.2
ORD1263,2024-09-20,CUST101,Laptop,Accessories,Delhi,1,11256,6918,3.3
ORD1264,2024-09-21,CUST741,Shoes,Electronics,Mumbai,4,2975,1481,3.9
ORD1265,2024-09-22,CUST319,T-shirt,Fashion,Chennai,2,36878,9117,4.3
ORD1266,2024-09-23,CUST665,Smartphone,Fashion,Bangalore,2,4755,4763,4.0
ORD1267,2024-09-24,CUST954,T-shirt,Fashion,Pune,3,14984,9607,3.8
ORD1268,2024-09-25,CUST835,Shoes,Electronics,Pune,2,35003,9485,5.0
ORD1269,2024-09-26,CUST324,Laptop,Accessories,Hyderabad,2,8758,5048,4.8
ORD1270,2024-09-27,CUST484,T-shirt,Fashion,Delhi,4,41247,212,4.2
ORD1271,2024-09-28,CUST502,Laptop,Fashion,Bangalore,3,35696,2024,4.1
ORD1272,2024-09-29,CUST737,Watch,Electronics,Hyderabad,4,45613,3341,4.2
ORD1273,2024-09-30,CUST229,Earbuds,Fashion,Bangalore,1,40694,8511,3.4
ORD1274,2024-10-01,CUST152,Smartphone,Electronics,Delhi,1,9033,681,3.8
ORD1275,2024-10-02,CUST783,Watch,Accessories,Pune,1,33081,955,3.1
ORD1276,2024-10-03,CUST829,Laptop,Electronics,Mumbai,3,5749,2064,4.0
ORD1277,2024-10-04,CUST771,Laptop,Electronics,Pune,2,19701,9883,4.1
ORD1278,2024-10-05,CUST809,Headphones,Electronics,Hyderabad,3,10186,7946,3.5
ORD1279,2024-10-06,CUST515,Headphones,Electronics,Chennai,3,47377,254,4.9
ORD1280,2024-10-07,CUST346,Watch,Accessories,Mumbai,2,32507,631,4.8
ORD1281,2024-10-08,CUST935,Backpack,Accessories,Hyderabad,4,1161,5725,4.4
ORD1282,2024-10-09,CUST538,Watch,Fashion,Delhi,1,45343,9082,4.1
ORD1283,2024-10-10,CUST302,Headphones,Accessories,Mumbai,4,30637,5397,4.7
ORD1284,2024-10-11,CUST283,Laptop,Accessories,Hyderabad,1,48056,9961,3.3
ORD1285,2024-10-12,CUST222,Shoes,Fashion,Delhi,3,43328,2693,4.6
ORD1286,2024-10-13,CUST500,Watch,Accessories,Pune,1,49104,8067,3.2
ORD1287,2024-10-14,CUST866,Laptop,Electronics,Chennai,3,11026,2347,4.6
ORD1288,2024-10-15,CUST393,Shoes,Electronics,Delhi,4,3874,924,3.6
ORD1289,2024-10-16,CUST379,Shoes,Fashion,Bangalore,3,26092,5610,4.8
ORD1290,2024-10-17,CUST936,Headphones,Fashion,Delhi,4,29482,739,4.9
ORD1291,2024-10-18,CUST983,Watch,Fashion,Delhi,2,707,4050,3.3
ORD1292,2024-10-19,CUST709,T-shirt,Electronics,Chennai,2,35933,9664,3.9
ORD1293,2024-10-20,CUST297,Smartphone,Accessories,Bangalore,2,23697,721,5.0
ORD1294,2024-10-21,CUST610,Headphones,Electronics,Hyderabad,3,33900,7977,4.0
ORD1295,2024-10-22,CUST851,Headphones,Fashion,Hyderabad,2,3583,1221,4.7
ORD1296,2024-10-23,CUST243,T-shirt,Accessories,Delhi,1,29828,5641,4.2
ORD1297,2024-10-24,CUST708,Smartphone,Accessories,Bangalore,4,46979,9185,3.8
ORD1298,2024-10-25,CUST300,Laptop,Electronics,Bangalore,4,43391,6392,3.6
ORD1299,2024-10-26,CUST223,Backpack,Fashion,Chennai,1,20603,1499,3.4
ORD1300,2024-10-27,CUST286,Watch,Electronics,Pune,3,40391,2589,4.5
ORD1301,2024-10-28,CUST425,Backpack,Accessories,Hyderabad,3,11254,4009,3.8
ORD1302,2024-10-29,CUST563,Laptop,Electronics,Chennai,4,34947,6335,4.0
ORD1303,2024-10-30,CUST448,Earbuds,Electronics,Mumbai,2,16401,5482,4.0
ORD1304,2024-10-31,CUST870,Headphones,Fashion,Hyderabad,3,33504,4310,4.2
ORD1305,2024-11-01,CUST759,Smartphone,Fashion,Chennai,3,7946,2411,4.7
ORD1306,2024-11-02,CUST863,Headphones,Accessories,Hyderabad,1,37711,6214,5.0
ORD1307,2024-11-03,CUST502,Shoes,Electronics,Pune,1,48731,3720,3.8
ORD1308,2024-11-04,CUST445,Headphones,Electronics,Mumbai,2,29801,1803,4.7
ORD1309,2024-11-05,CUST610,Headphones,Electronics,Pune,3,26616,8150,4.5
ORD1310,2024-11-06,CUST246,Laptop,Accessories,Mumbai,3,41823,1988,4.1
ORD1311,2024-11-07,CUST247,Laptop,Accessories,Delhi,1,19252,8612,4.9
ORD1312,2024-11-08,CUST963,Laptop,Fashion,Chennai,3,32876,6026,3.4
ORD1313,2024-11-09,CUST810,Backpack,Fashion,Mumbai,4,17169,6638,3.2
ORD1314,2024-11-10,CUST919,Shoes,Fashion,Pune,1,33416,8666,4.7
ORD1315,2024-11-11,CUST588,Earbuds,Electronics,Hyderabad,2,13895,6354,3.9
ORD1316,2024-11-12,CUST739,Earbuds,Electronics,Mumbai,1,20921,7395,4.7
ORD1317,2024-11-13,CUST650,Laptop,Fashion,Chennai,3,26842,7925,4.8
ORD1318,2024-11-14,CUST437,Smartphone,Electronics,Mumbai,2,5395,9136,3.1
ORD1319,2024-11-15,CUST971,Backpack,Fashion,Bangalore,1,11523,6683,4.8
ORD1320,2024-11-16,CUST740,T-shirt,Accessories,Hyderabad,4,11199,647,3.9
ORD1321,2024-11-17,CUST878,Smartphone,Fashion,Chennai,4,10215,3112,4.0
ORD1322,2024-11-18,CUST572,Watch,Accessories,Chennai,1,19669,2386,4.3
ORD1323,2024-11-19,CUST250,Watch,Electronics,Delhi,4,16663,9929,4.9
ORD1324,2024-11-20,CUST514,Smartphone,Fashion,Pune,4,6282,622,3.0
ORD1325,2024-11-21,CUST397,Laptop,Electronics,Delhi,4,23141,7571,4.0
ORD1326,2024-11-22,CUST710,T-shirt,Accessories,Chennai,2,19292,6221,4.4
ORD1327,2024-11-23,CUST362,T-shirt,Accessories,Hyderabad,4,49992,7147,4.4
ORD1328,2024-11-24,CUST863,Backpack,Accessories,Mumbai,4,36085,2140,4.4
ORD1329,2024-11-25,CUST243,T-shirt,Electronics,Mumbai,4,31182,6616,3.3
ORD1330,2024-11-26,CUST445,Watch,Electronics,Hyderabad,2,48364,4674,3.6
ORD1331,2024-11-27,CUST723,Shoes,Electronics,Chennai,1,19380,1683,3.7
ORD1332,2024-11-28,CUST671,Laptop,Electronics,Mumbai,3,38567,1567,4.6
ORD1333,2024-11-29,CUST980,T-shirt,Accessories,Mumbai,4,43185,3698,3.6
ORD1334,2024-11-30,CUST101,Backpack,Accessories,Mumbai,1,18573,1587,3.4
ORD1335,2024-12-01,CUST996,Watch,Fashion,Pune,4,36535,3187,4.9
ORD1336,2024-12-02,CUST403,Shoes,Fashion,Pune,2,37674,7035,3.0
ORD1337,2024-12-03,CUST353,Headphones,Electronics,Bangalore,1,25337,147,5.0
ORD1338,2024-12-04,CUST751,Headphones,Accessories,Delhi,2,18326,3800,4.4
ORD1339,2024-12-05,CUST552,Shoes,Accessories,Hyderabad,4,25481,8585,4.7
ORD1340,2024-12-06,CUST136,Watch,Accessories,Hyderabad,4,10882,8224,3.6
ORD1341,2024-12-07,CUST259,Backpack,Fashion,Hyderabad,2,4937,8153,3.0
ORD1342,2024-12-08,CUST108,Shoes,Fashion,Bangalore,3,5935,5463,4.5
ORD1343,2024-12-09,CUST332,Laptop,Accessories,Pune,2,25319,4716,4.7
ORD1344,2024-12-10,CUST198,Laptop,Accessories,Chennai,4,37375,660,4.5
ORD1345,2024-12-11,CUST758,Headphones,Accessories,Chennai,2,32482,1777,3.3
ORD1346,2024-12-12,CUST915,T-shirt,Fashion,Bangalore,3,33828,1904,4.5
ORD1347,2024-12-13,CUST307,Backpack,Accessories,Chennai,2,12829,5105,4.5
ORD1348,2024-12-14,CUST230,Headphones,Accessories,Hyderabad,3,25669,2374,4.3
ORD1349,2024-12-15,CUST503,T-shirt,Electronics,Delhi,3,22432,9419,4.5
ORD1350,2024-12-16,CUST251,T-shirt,Electronics,Mumbai,2,35094,9333,4.7
ORD1351,2024-12-17,CUST153,Earbuds,Fashion,Pune,2,11921,5824,4.2
ORD1352,2024-12-18,CUST219,Laptop,Accessories,Pune,1,45533,6569,3.2
ORD1353,2024-12-19,CUST772,Watch,Accessories,Bangalore,4,8129,1799,4.0
ORD1354,2024-12-20,CUST727,Smartphone,Electronics,Pune,3,8825,831,3.2
ORD1355,2024-12-21,CUST686,Watch,Fashion,Hyderabad,1,28995,7598,3.8
ORD1356,2024-12-22,CUST724,Smartphone,Electronics,Chennai,2,32250,6873,3.8
ORD1357,2024-12-23,CUST519,Shoes,Electronics,Hyderabad,4,30119,2155,3.1
ORD1358,2024-12-24,CUST521,Laptop,Electronics,Bangalore,1,40961,3917,3.7
ORD1359,2024-12-25,CUST203,T-shirt,Electronics,Hyderabad,3,8764,7243,3.2
ORD1360,2024-12-26,CUST951,Backpack,Accessories,Chennai,1,13186,5026,4.6
ORD1361,2024-12-27,CUST353,Smartphone,Accessories,Delhi,3,46984,2163,4.9
ORD1362,2024-12-28,CUST326,Watch,Electronics,Bangalore,2,24726,5929,3.1
ORD1363,2024-12-29,CUST211,T-shirt,Fashion,Delhi,4,7221,4020,4.9
ORD1364,2024-12-30,CUST609,Smartphone,Fashion,Mumbai,4,21109,9309,4.0
ORD1365,2024-12-31,CUST572,Smartphone,Fashion,Delhi,4,7873,7314,3.6
ORD1366,2025-01-01,CUST198,Earbuds,Fashion,Mumbai,2,39175,1627,3.2
ORD1367,2025-01-02,CUST252,Smartphone,Electronics,Mumbai,3,49395,9253,4.0
ORD1368,2025-01-03,CUST960,Backpack,Accessories,Delhi,2,29437,2324,4.6
ORD1369,2025-01-04,CUST995,Laptop,Fashion,Bangalore,4,6156,4919,4.4
ORD1370,2025-01-05,CUST977,Backpack,Electronics,Chennai,2,9484,6794,3.1
ORD1371,2025-01-06,CUST437,Headphones,Fashion,Hyderabad,2,30484,2476,3.1
ORD1372,2025-01-07,CUST805,T-shirt,Fashion,Hyderabad,2,8786,5596,3.8
ORD1373,2025-01-08,CUST921,Laptop,Electronics,Chennai,3,6401,6902,3.6
ORD1374,2025-01-09,CUST262,Earbuds,Accessories,Mumbai,1,32052,2601,3.5
ORD1375,2025-01-10,CUST819,Laptop,Accessories,Mumbai,1,26209,6461,3.6
ORD1376,2025-01-11,CUST780,Laptop,Electronics,Bangalore,2,31555,57,4.6
ORD1377,2025-01-12,CUST260,Watch,Accessories,Pune,1,38185,8137,4.9
ORD1378,2025-01-13,CUST679,Laptop,Electronics,Delhi,1,8929,2605,3.8
ORD1379,2025-01-14,CUST900,Earbuds,Electronics,Mumbai,2,15216,525,4.8
ORD1380,2025-01-15,CUST497,Backpack,Electronics,Hyderabad,2,49063,5466,3.6
ORD1381,2025-01-16,CUST376,Laptop,Accessories,Bangalore,4,11638,8726,4.0
ORD1382,2025-01-17,CUST915,Shoes,Electronics,Delhi,1,35798,7289,3.5
ORD1383,2025-01-18,CUST603,T-shirt,Fashion,Bangalore,3,23929,6760,4.3
ORD1384,2025-01-19,CUST995,Laptop,Accessories,Delhi,2,6272,5050,5.0
ORD1385,2025-01-20,CUST491,T-shirt,Accessories,Delhi,4,48744,4704,4.2
ORD1386,2025-01-21,CUST234,Shoes,Accessories,Chennai,3,49019,8128,3.7
ORD1387,2025-01-22,CUST294,Shoes,Accessories,Mumbai,1,36232,6113,4.3
ORD1388,2025-01-23,CUST500,T-shirt,Fashion,Bangalore,4,40405,2335,3.2
ORD1389,2025-01-24,CUST739,Smartphone,Accessories,Bangalore,2,17847,5273,4.8
ORD1390,2025-01-25,CUST132,Headphones,Accessories,Chennai,3,17420,7021,4.0
ORD1391,2025-01-26,CUST787,Watch,Electronics,Hyderabad,2,32322,3575,3.9
ORD1392,2025-01-27,CUST559,Smartphone,Accessories,Hyderabad,1,47159,2872,4.2
ORD1393,2025-01-28,CUST982,Smartphone,Fashion,Mumbai,3,40608,4993,4.2
ORD1394,2025-01-29,CUST569,Backpack,Fashion,Mumbai,1,24063,6580,3.1
ORD1395,2025-01-30,CUST474,Watch,Fashion,Pune,1,8467,308,4.4
ORD1396,2025-01-31,CUST121,Watch,Fashion,Chennai,4,45683,332,3.5
ORD1397,2025-02-01,CUST849,Smartphone,Accessories,Hyderabad,2,12371,1948,4.4
ORD1398,2025-02-02,CUST769,Laptop,Accessories,Delhi,3,29263,4185,4.6
ORD1399,2025-02-03,CUST137,Backpack,Fashion,Bangalore,1,12416,6679,4.6
ORD1400,2025-02-04,CUST329,Backpack,Fashion,Mumbai,1,9234,3250,4.1
ORD1401,2025-02-05,CUST464,Shoes,Accessories,Bangalore,3,34113,5160,4.0
ORD1402,2025-02-06,CUST662,Earbuds,Fashion,Bangalore,1,28679,7217,3.3
ORD1403,2025-02-07,CUST537,Watch,Electronics,Pune,4,35762,662,4.6
ORD1404,2025-02-08,CUST875,Smartphone,Fashion,Hyderabad,4,13177,737,3.5
ORD1405,2025-02-09,CUST382,Shoes,Fashion,Mumbai,4,18768,3740,4.0
ORD1406,2025-02-10,CUST126,T-shirt,Electronics,Bangalore,4,12830,8854,3.6
ORD1407,2025-02-11,CUST325,Headphones,Electronics,Mumbai,1,21233,2357,3.3
ORD1408,2025-02-12,CUST376,Earbuds,Accessories,Delhi,3,38447,7183,4.3
ORD1409,2025-02-13,CUST897,Earbuds,Accessories,Pune,3,27786,6559,3.1
ORD1410,2025-02-14,CUST708,Earbuds,Electronics,Delhi,3,7110,5956,4.5
ORD1411,2025-02-15,CUST383,Backpack,Electronics,Mumbai,3,6930,2641,3.6
ORD1412,2025-02-16,CUST978,T-shirt,Accessories,Mumbai,2,40422,7233,3.0
ORD1413,2025-02-17,CUST580,Earbuds,Fashion,Hyderabad,3,14328,5298,4.0
ORD1414,2025-02-18,CUST552,T-shirt,Electronics,Bangalore,2,43413,8816,3.1
ORD1415,2025-02-19,CUST928,Laptop,Accessories,Bangalore,2,31997,5158,3.6
ORD1416,2025-02-20,CUST915,Earbuds,Fashion,Delhi,4,39756,3654,4.4
ORD1417,2025-02-21,CUST758,Headphones,Electronics,Pune,2,37118,719,3.1
ORD1418,2025-02-22,CUST615,T-shirt,Fashion,Chennai,1,46832,4414,4.7
ORD1419,2025-02-23,CUST646,T-shirt,Accessories,Bangalore,2,27026,7379,3.0
ORD1420,2025-02-24,CUST291,Headphones,Electronics,Hyderabad,4,30658,1333,3.5
ORD1421,2025-02-25,CUST148,Earbuds,Fashion,Delhi,2,25532,973,4.5
ORD1422,2025-02-26,CUST611,Headphones,Electronics,Delhi,1,38346,1175,3.6
ORD1423,2025-02-27,CUST116,T-shirt,Fashion,Chennai,1,45436,1579,3.2
ORD1424,2025-02-28,CUST271,Headphones,Accessories,Hyderabad,1,30294,9836,3.7
ORD1425,2025-03-01,CUST319,T-shirt,Accessories,Pune,4,5948,8488,3.5
ORD1426,2025-03-02,CUST257,T-shirt,Electronics,Hyderabad,4,29361,3761,4.7
ORD1427,2025-03-03,CUST576,Laptop,Fashion,Pune,3,28641,8054,3.6
ORD1428,2025-03-04,CUST145,Smartphone,Electronics,Hyderabad,4,9574,9802,4.6
ORD1429,2025-03-05,CUST472,T-shirt,Electronics,Hyderabad,1,6906,6324,4.8
ORD1430,2025-03-06,CUST617,Earbuds,Fashion,Mumbai,1,32323,3914,3.9
ORD1431,2025-03-07,CUST198,Shoes,Fashion,Delhi,4,23791,7883,4.8
ORD1432,2025-03-08,CUST991,Backpack,Fashion,Hyderabad,2,42068,6838,3.8
ORD1433,2025-03-09,CUST844,Watch,Accessories,Chennai,4,32503,276,4.9
ORD1434,2025-03-10,CUST136,Smartphone,Electronics,Hyderabad,4,47351,314,3.2
ORD1435,2025-03-11,CUST379,Smartphone,Electronics,Bangalore,1,34906,9637,4.4
ORD1436,2025-03-12,CUST448,Smartphone,Accessories,Delhi,3,23812,695,4.0
ORD1437,2025-03-13,CUST596,Laptop,Fashion,Bangalore,1,43608,7594,3.8
ORD1438,2025-03-14,CUST401,T-shirt,Accessories,Delhi,3,1882,5619,4.3
ORD1439,2025-03-15,CUST280,Laptop,Accessories,Bangalore,1,34671,3040,4.4
ORD1440,2025-03-16,CUST706,T-shirt,Accessories,Hyderabad,4,42279,2554,3.0
ORD1441,2025-03-17,CUST198,Earbuds,Electronics,Hyderabad,1,3792,9396,3.3
ORD1442,2025-03-18,CUST799,Laptop,Accessories,Mumbai,1,42279,637,4.4
ORD1443,2025-03-19,CUST215,Laptop,Electronics,Chennai,1,33687,9227,4.3
ORD1444,2025-03-20,CUST290,Backpack,Electronics,Bangalore,4,12911,4129,4.9
ORD1445,2025-03-21,CUST352,Shoes,Electronics,Pune,4,37785,3398,4.5
ORD1446,2025-03-22,CUST260,Laptop,Fashion,Mumbai,4,15922,6349,4.9
ORD1447,2025-03-23,CUST355,Backpack,Electronics,Bangalore,4,42968,3881,4.4
ORD1448,2025-03-24,CUST422,Headphones,Electronics,Bangalore,3,32871,9483,3.6
ORD1449,2025-03-25,CUST227,Shoes,Fashion,Mumbai,3,6193,8431,3.2
ORD1450,2025-03-26,CUST117,Earbuds,Electronics,Hyderabad,2,34035,9222,4.6
ORD1451,2025-03-27,CUST892,Laptop,Accessories,Bangalore,4,15318,9940,4.3
ORD1452,2025-03-28,CUST834,Watch,Accessories,Hyderabad,3,31738,1765,3.1
ORD1453,2025-03-29,CUST665,Smartphone,Electronics,Mumbai,1,31374,6500,3.7
ORD1454,2025-03-30,CUST669,Headphones,Fashion,Hyderabad,4,27215,5483,4.9
ORD1455,2025-03-31,CUST422,Headphones,Accessories,Delhi,2,28105,1148,4.0
ORD1456,2025-04-01,CUST971,Earbuds,Fashion,Pune,2,34817,7146,3.9
ORD1457,2025-04-02,CUST785,Backpack,Fashion,Bangalore,2,31674,2376,3.9
ORD1458,2025-04-03,CUST891,Headphones,Accessories,Chennai,1,10456,9137,3.4
ORD1459,2025-04-04,CUST725,Shoes,Fashion,Pune,3,39408,6466,3.7
ORD1460,2025-04-05,CUST387,Laptop,Accessories,Hyderabad,1,11337,7030,3.7
ORD1461,2025-04-06,CUST953,Laptop,Fashion,Bangalore,4,4216,6813,3.1
ORD1462,2025-04-07,CUST762,Watch,Accessories,Hyderabad,2,4981,1724,4.5
ORD1463,2025-04-08,CUST738,Earbuds,Electronics,Delhi,1,24782,8000,3.8
ORD1464,2025-04-09,CUST254,Smartphone,Accessories,Mumbai,1,7048,9172,4.6
ORD1465,2025-04-10,CUST589,Backpack,Accessories,Bangalore,3,38105,8965,4.7
ORD1466,2025-04-11,CUST485,Smartphone,Accessories,Delhi,3,8258,6099,3.4
ORD1467,2025-04-12,CUST884,Headphones,Accessories,Delhi,2,44168,1139,4.3
ORD1468,2025-04-13,CUST203,Earbuds,Fashion,Bangalore,1,23677,4628,3.9
ORD1469,2025-04-14,CUST492,Watch,Electronics,Hyderabad,1,24522,9177,4.8
ORD1470,2025-04-15,CUST910,Smartphone,Accessories,Chennai,3,41261,205,3.4
ORD1471,2025-04-16,CUST345,Shoes,Fashion,Delhi,1,6042,9312,4.4
ORD1472,2025-04-17,CUST275,Laptop,Electronics,Pune,1,25976,2008,4.2
ORD1473,2025-04-18,CUST138,Headphones,Electronics,Delhi,1,31284,6394,3.6
ORD1474,2025-04-19,CUST576,Watch,Electronics,Chennai,3,23240,5829,3.3
ORD1475,2025-04-20,CUST781,Smartphone,Electronics,Hyderabad,2,25317,6194,4.3
ORD1476,2025-04-21,CUST858,Backpack,Accessories,Hyderabad,4,48096,5113,4.5
ORD1477,2025-04-22,CUST637,Shoes,Accessories,Pune,2,16552,3880,3.6
ORD1478,2025-04-23,CUST966,Shoes,Fashion,Delhi,4,35653,9096,4.3
ORD1479,2025-04-24,CUST917,Smartphone,Fashion,Hyderabad,1,47576,8881,3.8
ORD1480,2025-04-25,CUST507,Laptop,Fashion,Chennai,2,1171,9844,4.4
ORD1481,2025-04-26,CUST624,Smartphone,Electronics,Bangalore,4,663,6709,3.4
ORD1482,2025-04-27,CUST927,Headphones,Electronics,Mumbai,3,41924,491,4.8
ORD1483,2025-04-28,CUST605,Smartphone,Accessories,Mumbai,3,44502,6090,3.6
ORD1484,2025-04-29,CUST924,Shoes,Electronics,Mumbai,2,5295,5975,3.7
ORD1485,2025-04-30,CUST135,Watch,Electronics,Delhi,2,11134,7408,3.1
ORD1486,2025-05-01,CUST784,Smartphone,Electronics,Pune,1,5298,4678,3.2
ORD1487,2025-05-02,CUST119,Laptop,Fashion,Hyderabad,2,22920,6420,4.0
ORD1488,2025-05-03,CUST420,Earbuds,Fashion,Bangalore,1,29800,9578,3.5
ORD1489,2025-05-04,CUST875,Watch,Accessories,Chennai,1,24845,998,4.7
ORD1490,2025-05-05,CUST611,Backpack,Electronics,Bangalore,3,11249,8229,3.0
ORD1491,2025-05-06,CUST499,T-shirt,Electronics,Chennai,3,39095,6165,3.8
ORD1492,2025-05-07,CUST753,Smartphone,Accessories,Delhi,4,25621,509,3.7
ORD1493,2025-05-08,CUST982,Laptop,Electronics,Mumbai,3,37987,7618,3.0
ORD1494,2025-05-09,CUST570,Watch,Electronics,Delhi,3,28911,4696,3.2
ORD1495,2025-05-10,CUST242,Laptop,Fashion,Pune,2,33861,442,3.8
ORD1496,2025-05-11,CUST191,Backpack,Accessories,Pune,3,21723,1837,4.0
ORD1497,2025-05-12,CUST453,Shoes,Accessories,Chennai,4,7894,7424,3.8
ORD1498,2025-05-13,CUST933,Laptop,Accessories,Hyderabad,2,14556,1188,4.1
ORD1499,2025-05-14,CUST899,Watch,Accessories,Hyderabad,4,28880,4791,4.2
